Model,Accuracy,AUC,Precision,Recall,F1,MCC
Logistic Regression,0.8593,0.841722944498783,0.8760734010333155,0.9706671930517173,0.9209476542747448,0.33342265613498356
Decision Tree,0.8428,0.7654250826985293,0.8716645031011107,0.9543229372285827,0.9111228374354529,0.2636164516364213
kNN,0.8394333333333334,0.6902709079550364,0.8614116071743191,0.9651006711409396,0.9103129829265114,0.19710435908681917
Naive Bayes,0.8336666666666667,0.8179327100686358,0.9014051152510262,0.9016186340307936,0.9015118619981842,0.36690734540360087
Random Forest,0.8558,0.8263152595588341,0.8644503053858967,0.9834188709040663,0.9201049015624423,0.27374665976965257
XGBoost,0.8486666666666667,0.8079873549235741,0.8784679239787373,0.9525463876825898,0.9140086370179559,0.3099804619400083
